run_id,sequence_name,alpha,beta,gamma,theta_threshold,activation_function,rmse_quaternions,rmse_euler_angles
e36be5c4264b9bed9a31914367a0f070,MH_03_medium,0.7,0.8,1.0,0.2,relu,"[0.007831526649220256, 0.008673960839841864, 0.007209900625523814, 0.007438854596670138]","[2.6381184015952273, 1.012606722457125, 2.3683202464435946]"
58fdc54f1d27ea09b9cb7867fea2ef9f,MH_04_difficult,0.7,0.8,1.0,0.2,relu,"[0.013234170461639938, 0.010885514358805748, 0.015202671889110547, 0.006225099048782107]","[3.342889370129691, 0.6434111549707017, 2.3135452428384133]"
4ac1215bc3dfd66775f3369d719f300e,MH_05_difficult,0.7,0.8,1.0,0.2,relu,"[0.012596198334042115, 0.015649568495320943, 0.023945537329600176, 0.00954329703537729]","[5.09962303775525, 0.7242273853620489, 1.889960872670727]"
63226226b5ad544e8f2299687b954045,MH_03_medium,0.7,0.8,1.0,0.23,relu,"[0.007931619433453444, 0.008888331058771891, 0.007218943474627118, 0.007318395722992236]","[2.675911109139238, 1.0153887777943245, 2.3734621273594807]"
0c67daa6af2dea25d45d4c99546c1607,MH_04_difficult,0.7,0.8,1.0,0.23,relu,"[0.014738830586753661, 0.011577492424089363, 0.016903860381717435, 0.006713040392492741]","[3.477924807259485, 0.6423708803297755, 2.3277602392750683]"
eb9a5a1f10ab4976a52096efe15de003,MH_05_difficult,0.7,0.8,1.0,0.23,relu,"[0.011943138986571214, 0.014978105566019083, 0.02284433013956374, 0.009093615355404297]","[4.904445721240286, 0.7242451114669336, 1.8598737458936248]"
420cffd2a936c01bc310fe620ade32f5,MH_03_medium,0.7,0.8,1.0,0.25,relu,"[0.008096409758128548, 0.008694213706623865, 0.007385941255706052, 0.008037500608254951]","[2.5738964174112544, 1.0144562386016729, 2.3950266370826823]"
0076d6f0c7a5f55bdbdc9735ad2b429e,MH_04_difficult,0.7,0.8,1.0,0.25,relu,"[0.017429945730559723, 0.012685982128021816, 0.019972501636460832, 0.007657737175692853]","[3.6973934583553043, 0.6371354741623886, 2.326723224585807]"
1406250811cada3e18089a83428421a4,MH_05_difficult,0.7,0.8,1.0,0.25,relu,"[0.013214022663523124, 0.0160365268821508, 0.0248990983333015, 0.009838145854516821]","[5.239335081202136, 0.7269906949783237, 1.888750559515943]"
7fd316d710226a8a003943c0ffda4030,MH_03_medium,0.7,0.8,1.0,0.28,relu,"[0.007898376337695632, 0.008907616067476894, 0.007198921922590706, 0.007352447622353638]","[2.668714165075212, 1.0120956769403227, 2.364326560313094]"
a48011f7097a1cb6ca94474ffd9e675e,MH_04_difficult,0.7,0.8,1.0,0.28,relu,"[0.016252447550388256, 0.012393475650923776, 0.018906250655620918, 0.007327650947989144]","[3.694098879568948, 0.6411322992849603, 2.360858435036491]"
785846b56408b8b5b6df03ba80e138ae,MH_05_difficult,0.7,0.8,1.0,0.28,relu,"[0.012829772280544922, 0.015660733081362715, 0.024226123985602695, 0.009612982262479603]","[5.117848942139573, 0.7230921223747703, 1.8689316836587202]"
178aafb026f6074ac24d1dfc735619e4,MH_03_medium,0.7,0.8,1.0,0.3,relu,"[0.007956166870838636, 0.008676340536008409, 0.007281851389177976, 0.007653330859183997]","[2.628530227610944, 1.0169199574555967, 2.396149963627482]"
01ff80925aefb95ef8735d95d0e1dbed,MH_04_difficult,0.7,0.8,1.0,0.3,relu,"[0.018150463248203696, 0.012792071124687474, 0.020963844907154958, 0.007642202834917178]","[3.7938572255983445, 0.6387461134677179, 2.3255585845141398]"
87bf9789d47feb93a3b0989129f82eb8,MH_05_difficult,0.7,0.8,1.0,0.3,relu,"[0.012583993448056281, 0.015528876279915954, 0.023822740186311312, 0.009427272731307166]","[5.073534395869937, 0.7218795264972107, 1.8928928540493992]"
e680a55caf7490ad759e408dc74e3bd1,MH_03_medium,0.7,0.8,1.0,0.2,double_exponential_sigmoid,"[0.008092772006180114, 0.008832295752979915, 0.007384175935806915, 0.007708899548984339]","[2.620988527371747, 1.0115860574645068, 2.3763921190051143]"
c6124fae668b4080791ae5efefc8510d,MH_04_difficult,0.7,0.8,1.0,0.2,double_exponential_sigmoid,"[0.013977507812725288, 0.011329557285413494, 0.016172299118929766, 0.0065147982122904765]","[3.447850814771919, 0.6436377776091942, 2.3270780677074594]"
31080e2cfd0d8889c57457f5e8e35854,MH_05_difficult,0.7,0.8,1.0,0.2,double_exponential_sigmoid,"[0.012687498306072308, 0.01574443098944574, 0.024018977718693227, 0.009659511434396438]","[5.09860803375936, 0.7268023302020108, 1.8657133545889382]"
a27b464c6c3d4bff4f9bf50e2f8fcfab,MH_03_medium,0.7,0.8,1.0,0.23,double_exponential_sigmoid,"[0.007968947196224808, 0.008703558309372013, 0.007301823185376677, 0.007585251205739957]","[2.636205872312136, 1.0169361936004093, 2.390984269776103]"
056590b6afad1229c70b577bbb67ba3e,MH_04_difficult,0.7,0.8,1.0,0.23,double_exponential_sigmoid,"[0.01616252956322127, 0.012144642198128677, 0.018699676284045945, 0.007089250982814779]","[3.618128347920495, 0.6383987872770184, 2.2969805802859145]"
0ff735027ba6ebdb08a7e4256eba7896,MH_05_difficult,0.7,0.8,1.0,0.23,double_exponential_sigmoid,"[0.011497150170555961, 0.014778529092990163, 0.022083292798389345, 0.008933240342129662]","[4.798697858071582, 0.7230850091098822, 1.8632900205122094]"
b6eb94961f1261427c86a64277c59de0,MH_03_medium,0.7,0.8,1.0,0.25,double_exponential_sigmoid,"[0.007962220915141188, 0.008759737794222849, 0.007265076077168568, 0.0075434620825391135]","[2.656116381978974, 1.0157773883452093, 2.39696022702871]"
ab975e7745dea226515124b2f8244577,MH_04_difficult,0.7,0.8,1.0,0.25,double_exponential_sigmoid,"[0.017210386260248692, 0.012566056992727644, 0.019990075743825383, 0.007487512975867586]","[3.7373066175549585, 0.6353391228620057, 2.324707710061005]"
aa08cdf7d4e5213bfe87cbd7b9697de7,MH_03_medium,0.7,0.8,1.0,0.28,double_exponential_sigmoid,"[0.007911410493424451, 0.008806430174877554, 0.00721718372180641, 0.007420684481357149]","[2.668911169003602, 1.0124968412160233, 2.387890703481994]"
259e58787e8d6faa1a68485d836c5275,MH_04_difficult,0.7,0.8,1.0,0.28,double_exponential_sigmoid,"[0.0174399666639889, 0.012450762314106653, 0.02013536048399947, 0.007373776255458906]","[3.726173771006953, 0.6365995201911535, 2.3315723805345856]"
9c8fa22eab12bcc5c916885059c86e42,MH_05_difficult,0.7,0.8,1.0,0.28,double_exponential_sigmoid,"[0.01291437808452369, 0.01591685413284245, 0.024427105265235487, 0.009656846975281021]","[5.183321930461358, 0.7249079926370583, 1.8981773374432183]"
8f78bfab02ee13e40e2a47523827f6e7,MH_03_medium,0.7,0.8,1.0,0.3,double_exponential_sigmoid,"[0.008023593002028961, 0.008760886428377702, 0.0073208706841299325, 0.0076835327000837495]","[2.625625731635364, 1.0159799217842298, 2.3871327740203783]"
b39466c8de7c92a9218460ac8a78bcd7,MH_04_difficult,0.7,0.8,1.0,0.3,double_exponential_sigmoid,"[0.01654185923452909, 0.012428083698615823, 0.01928621789324045, 0.007332823231094347]","[3.709271688218571, 0.6369722490530402, 2.329931787958383]"
eaff0b98c88eacf6edbd0b89088210da,MH_05_difficult,0.7,0.8,1.0,0.3,double_exponential_sigmoid,"[0.013349784881586191, 0.016004881188657186, 0.02499745041846645, 0.009822960104284956]","[5.2369143754174905, 0.7271548667725326, 1.8778456074195553]"
9ec09030289c8b0e110f0b05fdfb33e8,MH_03_medium,0.7,0.8,1.0,0.2,triple_exponential_sigmoid,"[0.007977591464553947, 0.00904064719760223, 0.0072883320095365745, 0.00718096866896004]","[2.708838503470727, 1.0109954745781018, 2.3634473217140957]"
2bab9c9c813767f70f471e35f2f3d3c4,MH_04_difficult,0.7,0.8,1.0,0.2,triple_exponential_sigmoid,"[0.019708016283491205, 0.013561361652636656, 0.022936755281305315, 0.00824344228849591]","[3.9904082113691683, 0.6361044422670857, 2.329156803858754]"
d4e0f7085ea49c7740fc531543fd50f0,MH_05_difficult,0.7,0.8,1.0,0.2,triple_exponential_sigmoid,"[0.011715979858217566, 0.014963801093241016, 0.02244060486531365, 0.00910014970955709]","[4.850153100385965, 0.7243072456161841, 1.8612697232151427]"
9df8411bd19ebbeaaa552112e20b96b6,MH_03_medium,0.7,0.8,1.0,0.23,triple_exponential_sigmoid,"[0.007872285854412289, 0.008894806055695457, 0.007204861821115913, 0.007247742846084411]","[2.6952310289433137, 1.0120732568654898, 2.3796304866760094]"
88c952e0a52d379d62021836cf3b6698,MH_04_difficult,0.7,0.8,1.0,0.23,triple_exponential_sigmoid,"[0.019017795902111927, 0.013496874410503363, 0.022025796161988676, 0.008162000127808875]","[3.925231897462081, 0.6407427064751129, 2.3379311708798305]"
d01dbfe3bfd37c7718e00c22dde4e119,MH_05_difficult,0.7,0.8,1.0,0.23,triple_exponential_sigmoid,"[0.01246491594181847, 0.015443040945438106, 0.023611333342724992, 0.009420495510824946]","[5.029870032361116, 0.7284822182283076, 1.8736455790992554]"
df244e608a9abb582d371a3e66acf9de,MH_03_medium,0.7,0.8,1.0,0.25,triple_exponential_sigmoid,"[0.007910024846487194, 0.008771679250766527, 0.007253183108954974, 0.00742363133630141]","[2.6456591592646324, 1.0121162933688026, 2.3669626827835732]"
a5e26ad2d63d19791e2880af0b9ce274,MH_04_difficult,0.7,0.8,1.0,0.25,triple_exponential_sigmoid,"[0.01755414526670378, 0.012750948463572791, 0.020496531965973654, 0.007639284976265899]","[3.8032815328214173, 0.6374953262102859, 2.334952073071489]"
771eb62b75bfe910549b7c8974d99368,MH_05_difficult,0.7,0.8,1.0,0.25,triple_exponential_sigmoid,"[0.012187909227578331, 0.015007979930542212, 0.023141161409187146, 0.009138848599381456]","[4.932212002145922, 0.7212866001512797, 1.8565179414444757]"
1580804e37df483b27c1dc87a28d3600,MH_03_medium,0.7,0.8,1.0,0.28,triple_exponential_sigmoid,"[0.007780193040369019, 0.009265632377431833, 0.007313590396287212, 0.00672081879152279]","[2.8192215441345394, 1.0139682147399134, 2.366824170782512]"
b2f9f2ddff6070cd72f978b4d3b37511,MH_04_difficult,0.7,0.8,1.0,0.28,triple_exponential_sigmoid,"[0.018990772200226092, 0.013255053207249581, 0.021891215107258864, 0.00794308902037999]","[3.9040460449174526, 0.6404824558152685, 2.368042011301023]"
0bcd5023992063a1fdc93899d591cc4f,MH_05_difficult,0.7,0.8,1.0,0.28,triple_exponential_sigmoid,"[0.013216113813670624, 0.015995998593251234, 0.024828941422313476, 0.00980044720171066]","[5.224304481729642, 0.728090098985506, 1.8879121691425949]"
4c9ec748d21f47d4d9c4e44a9d159cb2,MH_03_medium,0.7,0.8,1.0,0.3,triple_exponential_sigmoid,"[0.007873909265695329, 0.008826049106275814, 0.007186229083213316, 0.007322188135838158]","[2.6687083828875178, 1.0112510492462565, 2.373858224649482]"
8d0f86676d970e96ef0443cd24a8f2e8,MH_04_difficult,0.7,0.8,1.0,0.3,triple_exponential_sigmoid,"[0.017736814627533442, 0.012747056206784766, 0.020542085560931404, 0.007734669011869917]","[3.7602446967463634, 0.6366436425761076, 2.3169725681804354]"
56ef292b6c4f785fbe7a15c3d9ecb048,MH_05_difficult,0.7,0.8,1.0,0.3,triple_exponential_sigmoid,"[0.013978926003980704, 0.016510478733663982, 0.02597999342333494, 0.010239811310106758]","[5.3895647710905195, 0.7282852137805048, 1.885890338601238]"
b631124e111e8f3a1c1abf6affae9267,MH_03_medium,0.8,0.8,1.0,0.2,relu,"[0.008124787787121187, 0.008843672272823917, 0.00761522393674149, 0.007657247794253195]","[2.6588529110160173, 1.013044147862091, 2.3821347881760704]"
5029ea7eeed46a92c1c607d2ff6c1cad,MH_04_difficult,0.8,0.8,1.0,0.2,relu,"[0.013237886268999934, 0.010862670670178147, 0.015194694628841553, 0.006243867033507504]","[3.344365412077004, 0.6451471068874703, 2.329934402419234]"
345ce01d415b33ed4b00d48d40587e6e,MH_05_difficult,0.8,0.8,1.0,0.2,relu,"[0.010949667847668433, 0.014469051985897973, 0.021321392790257215, 0.008525679215071432]","[4.726315449915133, 0.7216409256687102, 1.915308702422034]"
b6277d34bf210ae9b036ca4ee4cf849c,MH_03_medium,0.8,0.8,1.0,0.23,relu,"[0.008027346435703407, 0.008926281529549022, 0.007468844810252755, 0.007285576943422902]","[2.7105694351353287, 1.0132930128738413, 2.3824113362871238]"
f4550dc93deed7d0956f6da282075f75,MH_04_difficult,0.8,0.8,1.0,0.23,relu,"[0.014508702886136818, 0.011528498628316229, 0.016797928320613796, 0.006669394222777656]","[3.482248976721361, 0.6395497394486627, 2.3129313312628144]"
b0f197c5646c9fe228333c7e621ad41b,MH_05_difficult,0.8,0.8,1.0,0.23,relu,"[0.01222460992212173, 0.015319533587919687, 0.02329320625036467, 0.00936976143279758]","[4.979956175482389, 0.7257542138779625, 1.8623639019956988]"
9277fedc8f201c1d632c2dbf27cccae1,MH_03_medium,0.8,0.8,1.0,0.25,relu,"[0.007962135231272519, 0.009042569249532428, 0.007294843347601251, 0.007104409525149972]","[2.7175749742191067, 1.013249321615575, 2.3627440925684042]"
7d0f38ab190d6fec25f9d6e85a872f44,MH_04_difficult,0.8,0.8,1.0,0.25,relu,"[0.016977388882572064, 0.012477483342971883, 0.01950186997374655, 0.0074367281951656225]","[3.677624500521765, 0.6393889663323036, 2.335644231537867]"
7bdaf6108807db1c89e0e40534df93c2,MH_05_difficult,0.8,0.8,1.0,0.25,relu,"[0.011751803966440866, 0.014797695735890704, 0.02244853276320876, 0.008908486444992869]","[4.852398360620795, 0.7259269059862881, 1.8894072908641015]"
27e087da91e966944d11222f1d635d11,MH_03_medium,0.8,0.8,1.0,0.28,relu,"[0.00790136878153912, 0.009053998740045461, 0.0072886595613611375, 0.007071068765014854]","[2.7394458623032074, 1.0117428744331487, 2.3697865219869083]"
82ce8d33b0cf676cea5666d0744587f5,MH_04_difficult,0.8,0.8,1.0,0.28,relu,"[0.015039199021843358, 0.011626353258841067, 0.017491578061681723, 0.006723190446987355]","[3.548986085473167, 0.6391371930454758, 2.3333600824379426]"
7ab73eb797d0b5e770fb9fef083c160a,MH_05_difficult,0.8,0.8,1.0,0.28,relu,"[0.012723472126384859, 0.01555079575338933, 0.02411122907701789, 0.009486358523978024]","[5.1071211561870715, 0.7237613527726964, 1.8840513118826374]"
aa9a894be91a3ebb8d6d7f28251af685,MH_03_medium,0.8,0.8,1.0,0.3,relu,"[0.007883246428907783, 0.009015092048577242, 0.007276345681479613, 0.00722673295494236]","[2.723952876318762, 1.0112170414974635, 2.380836462152082]"
bf627df892eff13a709a4a26e1835909,MH_04_difficult,0.8,0.8,1.0,0.3,relu,"[0.016745935257304733, 0.012510293338954643, 0.019318706312510654, 0.0074825314777308876]","[3.684969921744584, 0.6373646821011146, 2.3401196669959754]"
3d7200d549bdb56a6eb201bc1329d83b,MH_05_difficult,0.8,0.8,1.0,0.3,relu,"[0.012006180082847323, 0.01521984302398993, 0.023018659135591986, 0.00921746423631511]","[4.9605863931773895, 0.7244515800003782, 1.8873964319911827]"
a5bbf4100c2db6ef78498b981571bd70,MH_03_medium,0.8,0.8,1.0,0.2,double_exponential_sigmoid,"[0.008230236308441614, 0.00886345847854236, 0.007393200769251744, 0.00786334282444793]","[2.582450845647522, 1.0148365152014787, 2.3674527431432244]"
1cc0f733a28592fe565195b3bff3ad09,MH_04_difficult,0.8,0.8,1.0,0.2,double_exponential_sigmoid,"[0.014228026969860325, 0.01126890130352535, 0.016360383561789787, 0.006516969091361383]","[3.432775104682062, 0.6404892441182859, 2.331075847463195]"
944c89dd5b5617bcc1a20461ab45c808,MH_05_difficult,0.8,0.8,1.0,0.2,double_exponential_sigmoid,"[0.011188872522330038, 0.014555912232055873, 0.0217509717744905, 0.008734334321814231]","[4.763510912831133, 0.7218987813995879, 1.880959534263151]"
54f1c05eb6f8e156f4b2480eeadb1fb9,MH_03_medium,0.8,0.8,1.0,0.23,double_exponential_sigmoid,"[0.00801928326528142, 0.00898617403000716, 0.007472734442938969, 0.00745593443023115]","[2.6830046503309295, 1.0142557953986098, 2.3654918300540655]"
894ecf8ff1a4d4d9ab44b9485a5e963f,MH_04_difficult,0.8,0.8,1.0,0.23,double_exponential_sigmoid,"[0.016364017865988543, 0.012406571923823764, 0.018852921830910814, 0.007266631583316101]","[3.656511304391082, 0.640750121165313, 2.33706653381631]"
84e26c6e07e1e2271e606dd32338b098,MH_05_difficult,0.8,0.8,1.0,0.23,double_exponential_sigmoid,"[0.012497905204173959, 0.015473005396723223, 0.02369362721846541, 0.009464739473459978]","[5.0393383821841145, 0.7263831695070968, 1.8698583156368005]"
0e4b7226195c5484a4d5cc560f17cd0f,MH_03_medium,0.8,0.8,1.0,0.25,double_exponential_sigmoid,"[0.0077764423332004, 0.009357640760826859, 0.007294636269597687, 0.006604826308466649]","[2.831322876576442, 1.0111157893418574, 2.356849914572884]"
60684997bf94365af97c9986874b5ebe,MH_04_difficult,0.8,0.8,1.0,0.25,double_exponential_sigmoid,"[0.01717714100752066, 0.012633323104576053, 0.019963017469875746, 0.007476260686247917]","[3.7441280327907998, 0.6387219331543339, 2.3181965361279446]"
e5622eb36f5c1a873ff44cfee6741955,MH_03_medium,0.8,0.8,1.0,0.28,double_exponential_sigmoid,"[0.008053338152726342, 0.008861701712162396, 0.007364947316087752, 0.0075831447340407015]","[2.655431339494096, 1.0120600178090033, 2.3897800646673892]"
db9a151cae097ac2d4603dbb71e44663,MH_04_difficult,0.8,0.8,1.0,0.28,double_exponential_sigmoid,"[0.01684640751667757, 0.012692968636459894, 0.01963870834677364, 0.007557017078862181]","[3.7465047684087547, 0.6391359432599683, 2.3330059557040657]"
f68cfdeb399391aab3234dbf9fa67ae2,MH_05_difficult,0.8,0.8,1.0,0.28,double_exponential_sigmoid,"[0.012279344125199097, 0.015414820378096475, 0.023522862138791525, 0.009365753805548032]","[5.037102760830599, 0.7237498236035399, 1.8868912165985166]"
09fb492d40aef2d4be31cf5d6d5aa740,MH_03_medium,0.8,0.8,1.0,0.3,double_exponential_sigmoid,"[0.007956865946811689, 0.00880514719659834, 0.007259541865795795, 0.007408303497367097]","[2.656554365793077, 1.0149393998061267, 2.375256227911094]"
67f0fe2216a1d59c195f041e55f15381,MH_04_difficult,0.8,0.8,1.0,0.3,double_exponential_sigmoid,"[0.017905074640526316, 0.012766216650370768, 0.02069770442493326, 0.0075411133647977895]","[3.7963363817534868, 0.6403786276644241, 2.3430126093065833]"
48870eb8fec83d5027dfa869ecb55fd1,MH_05_difficult,0.8,0.8,1.0,0.3,double_exponential_sigmoid,"[0.01241507114433108, 0.015534320509260917, 0.023693824767273563, 0.009484138355388803]","[5.06076420676541, 0.7239528052540033, 1.8876992736729914]"
7a3c12ffe672db827ebe02caaddd7766,MH_03_medium,0.8,0.8,1.0,0.2,triple_exponential_sigmoid,"[0.008583370034902749, 0.009115920640409579, 0.00804981821706216, 0.008868938981134118]","[2.5220109589759634, 1.0118131366572354, 2.383701049322503]"
73db24e8504302bd7b9604136cd113cb,MH_04_difficult,0.8,0.8,1.0,0.2,triple_exponential_sigmoid,"[0.019802570224546408, 0.01362510930960632, 0.023018020012158195, 0.008284747328428458]","[4.006612842142362, 0.638828814418693, 2.348051494627988]"
25e0f36caeb1694adc22832d985cba01,MH_05_difficult,0.8,0.8,1.0,0.2,triple_exponential_sigmoid,"[0.012037012864639778, 0.015334195763451507, 0.02303114875310932, 0.009184133495951825]","[4.980947527910104, 0.724182125764981, 1.904813027246368]"
ae2a685f7502a0e770fcdf86fd63f68c,MH_03_medium,0.8,0.8,1.0,0.23,triple_exponential_sigmoid,"[0.007866626417227122, 0.00883754256120191, 0.007231706965118435, 0.007236336672510543]","[2.6900037315624266, 1.0135199106951696, 2.377729055210805]"
8a929733b03f2b7bbb916fbf0a5e7788,MH_04_difficult,0.8,0.8,1.0,0.23,triple_exponential_sigmoid,"[0.018889067232525182, 0.013411439220903789, 0.021999801994266398, 0.008008886322060198]","[3.9446786646743894, 0.6377363769545775, 2.33526281996876]"
58070f81020cdb44b59aa6a47a4cc57f,MH_05_difficult,0.8,0.8,1.0,0.23,triple_exponential_sigmoid,"[0.012235083649299166, 0.015201190819129958, 0.023300715933578072, 0.009222524712859712]","[4.984064150629657, 0.7211873873018431, 1.8859565161427976]"
c205b6649825d8ffe77537dfe63c4456,MH_03_medium,0.8,0.8,1.0,0.25,triple_exponential_sigmoid,"[0.00801325327130047, 0.008786415132497638, 0.007271713836158409, 0.0076026553701439995]","[2.6386947533245375, 1.0136657227274868, 2.389230411477912]"
6862dfd2b2a84c8f05e465c47503e64d,MH_04_difficult,0.8,0.8,1.0,0.25,triple_exponential_sigmoid,"[0.01689367716239501, 0.01239562349846054, 0.019549998762463588, 0.007365109273114472]","[3.687581044228593, 0.6353534403305322, 2.318406564594849]"
68f43fe2fcb7758fb0e2cf6c45632ace,MH_05_difficult,0.8,0.8,1.0,0.25,triple_exponential_sigmoid,"[0.01232104135937507, 0.015364305714556761, 0.023497090362189468, 0.009269170742382303]","[5.029226790128645, 0.7231344123276215, 1.889907577302363]"
eb381c6c7c2213b56f5dac970e687b77,MH_03_medium,0.8,0.8,1.0,0.28,triple_exponential_sigmoid,"[0.007989005401709243, 0.008789897665816239, 0.007299631324744756, 0.007634194666545252]","[2.63559227044221, 1.016969135338736, 2.3867035094564892]"
81775e27d073ef3f1418baaaa032d0fd,MH_04_difficult,0.8,0.8,1.0,0.28,triple_exponential_sigmoid,"[0.017735780654074454, 0.012742789428595627, 0.020608852817773377, 0.00751654065485974]","[3.800189417242329, 0.6379838532772542, 2.3291118046578148]"
23662c74cc8bca09610e8115c8ba8f08,MH_05_difficult,0.8,0.8,1.0,0.28,triple_exponential_sigmoid,"[0.012767677619170177, 0.015679320983281054, 0.024206499553277267, 0.009574016504004954]","[5.128551735426519, 0.724091038969899, 1.8824551973727612]"
895c93d548abbbfc086bf9e8d9e09986,MH_03_medium,0.8,0.8,1.0,0.3,triple_exponential_sigmoid,"[0.008098355980064354, 0.008857954338798121, 0.0073786698813403965, 0.007794708860948062]","[2.6168110135670606, 1.013258013288755, 2.3834636769788604]"
10ff2900c9cebf73b53870a80e3100d3,MH_04_difficult,0.8,0.8,1.0,0.3,triple_exponential_sigmoid,"[0.01725863892474492, 0.01267662218931353, 0.020065558059796488, 0.007455690302560482]","[3.774280437563679, 0.6434120198179198, 2.339023458240907]"
1afc13e7c88d1d8531b08a1d3cb301d5,MH_05_difficult,0.8,0.8,1.0,0.3,triple_exponential_sigmoid,"[0.010981273069530763, 0.01445532248923934, 0.021586505828308244, 0.00873396319814161]","[4.738884384851648, 0.7241303674974917, 1.8771483397605913]"
b120f53bc943c75b9768e463c6a5850b,MH_03_medium,0.9,0.8,1.0,0.2,relu,"[0.008071403986747178, 0.00898574374470173, 0.007307247437085576, 0.007416853799678896]","[2.6776614067581765, 1.014076862234281, 2.381356827976468]"
adb5569237ed5be437ab7f65213adba7,MH_04_difficult,0.9,0.8,1.0,0.2,relu,"[0.01279037388352016, 0.01063029071832823, 0.014654511264833268, 0.006032983268569142]","[3.3182469697879804, 0.6472981665468026, 2.348272306672637]"
93e6145ee6e6b072e01eedcac21ad1e0,MH_05_difficult,0.9,0.8,1.0,0.2,relu,"[0.011942556664860614, 0.015307802498431552, 0.02302810487313234, 0.009262352641423681]","[4.978595037949586, 0.7254865028851425, 1.8983256516514753]"
74156586989245ca23110b8ce4ab7078,MH_03_medium,0.9,0.8,1.0,0.23,relu,"[0.007940491399471762, 0.00924659970808158, 0.007301412428284749, 0.006912424970464399]","[2.777782779724061, 1.0157970968318437, 2.368231669722829]"
4beba5a0ce1f8364aea692e5d1af7d6c,MH_04_difficult,0.9,0.8,1.0,0.23,relu,"[0.01508299793600777, 0.011616601567813798, 0.01734707054902185, 0.0068053543667644665]","[3.4952536851658262, 0.6389972416266286, 2.3143819793092595]"
8a1446dd399960d83c4273acc0a28914,MH_05_difficult,0.9,0.8,1.0,0.23,relu,"[0.011880351969053071, 0.014842276015965217, 0.022714961685055882, 0.008947834670054717]","[4.887332306111842, 0.7234712418879593, 1.8814585589128843]"
2ae8b7d8dc011724ae11b50344be45a0,MH_03_medium,0.9,0.8,1.0,0.25,relu,"[0.00801712229947273, 0.008995213444228952, 0.007310734284687127, 0.007422825011607243]","[2.672817157824022, 1.0144991594570796, 2.366804986017342]"
5a8abe3d12e0c0f2bfd118dfcdf7b3bd,MH_04_difficult,0.9,0.8,1.0,0.25,relu,"[0.016554339538268018, 0.012397022014684504, 0.0190791225573703, 0.00737916180147711]","[3.659548702679693, 0.637747859607309, 2.333690127807395]"
4e61d073da9065b2eef3144250e94906,MH_05_difficult,0.9,0.8,1.0,0.25,relu,"[0.01258923583982608, 0.015644750616486198, 0.02387927988145868, 0.009535745629660222]","[5.084474788766123, 0.7268882635664938, 1.8794497552354894]"
289ccd32572f1a03d59a625c68478470,MH_03_medium,0.9,0.8,1.0,0.28,relu,"[0.007893291838301881, 0.008932502324429643, 0.007163311497147599, 0.007245206175418208]","[2.69020050339108, 1.0166758157852085, 2.374617408110233]"
cc70c5891d608a568cbac6f42aa98364,MH_04_difficult,0.9,0.8,1.0,0.28,relu,"[0.01666089986732695, 0.012487156448541871, 0.01928879308740921, 0.007454344764797925]","[3.6801231757717576, 0.6371079335595681, 2.3182233648805175]"
d851714eaa2b8c15daae993da0e8ac8e,MH_05_difficult,0.9,0.8,1.0,0.28,relu,"[0.012265028998747905, 0.015417024849409992, 0.02347193706134423, 0.009320266754208464]","[5.03733525201583, 0.723395524721465, 1.8966777434042432]"
ee60112515bb7b73797420f8319f4b9f,MH_03_medium,0.9,0.8,1.0,0.3,relu,"[0.00779345178692448, 0.00898015803375413, 0.007194616775790165, 0.006972071154806675]","[2.736268042562496, 1.0172461945060216, 2.368012571756984]"
d90cd4e880220b882324faeaa20dfa55,MH_04_difficult,0.9,0.8,1.0,0.3,relu,"[0.017606547111926628, 0.01253547345403065, 0.020227620515571837, 0.0075327696643967094]","[3.726447524877492, 0.641220549015261, 2.3452010276348028]"
9894d89ef0ffaf87f557f0bbc873029c,MH_05_difficult,0.9,0.8,1.0,0.3,relu,"[0.012480640318911575, 0.015402801409868862, 0.023751193005587878, 0.009387474519835378]","[5.05403665233659, 0.7251163105109124, 1.8815023545228091]"
cb4cdce682982cc657eff2860fb1edf9,MH_03_medium,0.9,0.8,1.0,0.2,double_exponential_sigmoid,"[0.008001681105061423, 0.008665663676609422, 0.007242359449601552, 0.007504698123804491]","[2.621154571063879, 1.0149520530396832, 2.3757035752898648]"
68bacae635202e3dab422edbbd363c55,MH_04_difficult,0.9,0.8,1.0,0.2,double_exponential_sigmoid,"[0.013443452413449236, 0.011195177499130184, 0.015611470433597972, 0.006330765701692102]","[3.428879938897116, 0.6440713371009443, 2.3374955361616183]"
136edacad0cad18529135b799791af26,MH_05_difficult,0.9,0.8,1.0,0.2,double_exponential_sigmoid,"[0.012125253310698178, 0.015550930902513247, 0.023224328817261573, 0.00946821406131853]","[5.002652842614934, 0.7238863393039138, 1.8703879138860033]"
cd70273a3e6756c622b629d608344a13,MH_03_medium,0.9,0.8,1.0,0.23,double_exponential_sigmoid,"[0.00801324873607706, 0.00880129958239856, 0.007254057157811778, 0.007565807017104655]","[2.6327883808082526, 1.0138346136761944, 2.376356344868712]"
c16861f8f67b41bfeb66468bb310b9c4,MH_04_difficult,0.9,0.8,1.0,0.23,double_exponential_sigmoid,"[0.015555770311992775, 0.012107161069529464, 0.018073398541637795, 0.007191432353459329]","[3.5902648628055056, 0.6399110910093919, 2.313639670836535]"
ad571f327e62423f4ed97423f7894c49,MH_05_difficult,0.9,0.8,1.0,0.23,double_exponential_sigmoid,"[0.012785194151527388, 0.015880868752363338, 0.024234595770032407, 0.009717700393532208]","[5.144878821251633, 0.7249210271410803, 1.876138699739659]"
65627bc0dfa32b79e1f3456cd958f574,MH_03_medium,0.9,0.8,1.0,0.25,double_exponential_sigmoid,"[0.008215566232028425, 0.008824144493761395, 0.0074676845471955515, 0.007764934858348605]","[2.585972821083136, 1.0120121016828678, 2.353780974368185]"
cfb893353508acfcdf4db152ea78fead,MH_04_difficult,0.9,0.8,1.0,0.25,double_exponential_sigmoid,"[0.018604647632900664, 0.013386110992596628, 0.021548286805261854, 0.008020852158075457]","[3.890972366842274, 0.6380047863415987, 2.3346624532441727]"
3779d7ffb6b87e1aa66721d298992192,MH_03_medium,0.9,0.8,1.0,0.28,double_exponential_sigmoid,"[0.007793441865112198, 0.008958820683386676, 0.007193890562280261, 0.006981035200085299]","[2.7319584683823086, 1.0172429865174162, 2.368039646143707]"
307104c93bf93a21df3fbadbec81a665,MH_04_difficult,0.9,0.8,1.0,0.28,double_exponential_sigmoid,"[0.016907466517112973, 0.012643897298433243, 0.019580668568927564, 0.0074259375056277095]","[3.724973982132194, 0.6384167184537881, 2.3279608798736025]"
d32fe492eb70d43f1f435c11468d9205,MH_05_difficult,0.9,0.8,1.0,0.28,double_exponential_sigmoid,"[0.012934624394832034, 0.01564369361775686, 0.024398486890891122, 0.00955205227783821]","[5.144343115504337, 0.7237287570347555, 1.8815990764581711]"
6649e8876143ee24cd42cb37f2c39cde,MH_03_medium,0.9,0.8,1.0,0.3,double_exponential_sigmoid,"[0.007839886689192626, 0.00899575607335738, 0.007163221598430484, 0.007157387627382873]","[2.7305242737654662, 1.0127357246894444, 2.3912896105317563]"
7c75617af0a16582aeeb1373ed2ca3fb,MH_04_difficult,0.9,0.8,1.0,0.3,double_exponential_sigmoid,"[0.01772635252517821, 0.012709428815894047, 0.020412487853399393, 0.0076830727340971355]","[3.7517622043679077, 0.6421277587204665, 2.3446835647942]"
e2b40eca6fc0135a1648d68c8cb646fe,MH_05_difficult,0.9,0.8,1.0,0.3,double_exponential_sigmoid,"[0.012988647089411559, 0.015876577375429086, 0.02455280042281385, 0.0097333068630821]","[5.182687819439565, 0.7231147352176153, 1.880479194275856]"
6bed3b0e28d5122f94a8c81fec91ab1c,MH_03_medium,0.9,0.8,1.0,0.2,triple_exponential_sigmoid,"[0.007952853207394563, 0.008963060327036731, 0.007298944533479015, 0.0073915655827800075]","[2.700222603833261, 1.0156541188343302, 2.391430653876215]"
62a7827664fde0caff8a024b8ba202b2,MH_04_difficult,0.9,0.8,1.0,0.2,triple_exponential_sigmoid,"[0.01893773900582515, 0.013256816727315568, 0.021970917965906226, 0.008057954687886141]","[3.8990136305518517, 0.6359753162944166, 2.332553096422515]"
04ed3ff28c65389e6eea93f66acd4bd1,MH_05_difficult,0.9,0.8,1.0,0.2,triple_exponential_sigmoid,"[0.012789942307815017, 0.015642517894802727, 0.024187695896127764, 0.009564013339284283]","[5.116691209905222, 0.7223910276780403, 1.8741920067619324]"
85bb05be689ef4904468a6ed3e05c2cc,MH_03_medium,0.9,0.8,1.0,0.23,triple_exponential_sigmoid,"[0.008020724182464264, 0.008730552639218998, 0.007290527510012992, 0.007584901192279642]","[2.6248494073869457, 1.0118741322608305, 2.376952791400452]"
d253738ecbb45560e6f45ea0fe28cd05,MH_04_difficult,0.9,0.8,1.0,0.23,triple_exponential_sigmoid,"[0.018838871118470588, 0.01339414034425688, 0.021900410271431917, 0.008092258199641936]","[3.9250682721379118, 0.6390212793450255, 2.3441317202324297]"
21f4c7b1bbffb5834e20b114b56f07f8,MH_05_difficult,0.9,0.8,1.0,0.23,triple_exponential_sigmoid,"[0.01320569164396628, 0.015993099764331466, 0.024747206065020986, 0.00980754248427191]","[5.206239866137386, 0.7245818633604982, 1.8848778941044444]"
ef07b34016feb20db9b36e804494d048,MH_03_medium,0.9,0.8,1.0,0.25,triple_exponential_sigmoid,"[0.008285325460428039, 0.008848774963801414, 0.007637654280572125, 0.008494413350603205]","[2.545217341901768, 1.0146769305552896, 2.4000181828122447]"
ee1108c18409d84ba900ddd7b546fbc6,MH_04_difficult,0.9,0.8,1.0,0.25,triple_exponential_sigmoid,"[0.01764325962824073, 0.012681061199838597, 0.020462121291200393, 0.0075063159954775185]","[3.796344818013161, 0.640987620999141, 2.3574027150120807]"
11faf9988f631bc31aa01597da353d9f,MH_05_difficult,0.9,0.8,1.0,0.25,triple_exponential_sigmoid,"[0.012778959469274598, 0.015631780913104184, 0.024176410993841192, 0.009544958324536832]","[5.119970211478534, 0.726305681482354, 1.8844137277563373]"
e638c2c1c5cdea0e3a60cf1fa6ab0e82,MH_03_medium,0.9,0.8,1.0,0.28,triple_exponential_sigmoid,"[0.008020651338655649, 0.008754945412295915, 0.0073115853118201676, 0.007639080631148907]","[2.623671146436844, 1.0163892545565183, 2.3804821938841374]"
99844c4ba1744b44967cb155bedb9b00,MH_04_difficult,0.9,0.8,1.0,0.28,triple_exponential_sigmoid,"[0.016223986888765893, 0.01227715428406437, 0.0188992497911835, 0.007149594785058863]","[3.684933532159742, 0.6390312303126668, 2.3342375186433637]"
296ab3acc2f6160f383e08d413e0b3e5,MH_05_difficult,0.9,0.8,1.0,0.28,triple_exponential_sigmoid,"[0.012465114502494623, 0.015552525367686264, 0.023773975102285697, 0.00952109089291647]","[5.0683253709633185, 0.7272104332465452, 1.878844908042332]"
e08325016b88e1fcd4e4d388b390440e,MH_03_medium,0.9,0.8,1.0,0.3,triple_exponential_sigmoid,"[0.007976650822673058, 0.00868577300341922, 0.007323231737924855, 0.007598453259739203]","[2.6200940390519447, 1.014452924501701, 2.374662425268352]"
76cd2d8ce37b1c1ca84ef8e50168eda9,MH_04_difficult,0.9,0.8,1.0,0.3,triple_exponential_sigmoid,"[0.017038030468668898, 0.012668119770005686, 0.019882951218907523, 0.0074506744070266745]","[3.761270836646457, 0.6364221547512102, 2.3200756716318245]"
1455303ab030a2afb989bce8fd88ba0e,MH_05_difficult,0.9,0.8,1.0,0.3,triple_exponential_sigmoid,"[0.01268246982634425, 0.015744318222401122, 0.024075705144674837, 0.009651387396199244]","[5.116122823889702, 0.7269188445209261, 1.8804042745042893]"
47e27c50dd131935df0f156afeba503b,MH_03_medium,1.0,0.8,1.0,0.2,relu,"[0.008259236126953649, 0.008903421013920826, 0.007391302303081743, 0.008064124465233621]","[2.586523575691169, 1.0157764103579847, 2.3951962072607333]"
424d6403f8aef2fdd06b15037686ea68,MH_04_difficult,1.0,0.8,1.0,0.2,relu,"[0.013175297771327931, 0.010915706927814581, 0.015165548656072532, 0.006242543623305308]","[3.3525692406102547, 0.6437808258452061, 2.323446358719286]"
6a51cb824430820b56b84baeb2bf9880,MH_05_difficult,1.0,0.8,1.0,0.2,relu,"[0.012614811761864039, 0.015730973940541466, 0.02395259468847793, 0.009639434100844451]","[5.097531170554222, 0.7267101318096503, 1.874059530020764]"
4c6c79db558bd6f19298dffe4bf90129,MH_03_medium,1.0,0.8,1.0,0.23,relu,"[0.008154490073318896, 0.008742358533334717, 0.007409388019576907, 0.007927163965744824]","[2.5599606516309064, 1.0111493144258572, 2.360507220978236]"
0f0e393c1fc78342139c92f41193e46e,MH_04_difficult,1.0,0.8,1.0,0.23,relu,"[0.015501244177792793, 0.011553421650350181, 0.01765761188886975, 0.0067168217897719045]","[3.488300384470152, 0.6387966085554518, 2.3171153123167185]"
1ea2580d3268dc4a8b1d052c709e672d,MH_05_difficult,1.0,0.8,1.0,0.23,relu,"[0.011690210993087122, 0.015185662120595272, 0.0224848882898554, 0.009131867030111911]","[4.895201698405535, 0.7223405081629348, 1.8858683997226484]"
44de28028ac38a849475de8bdb248d77,MH_03_medium,1.0,0.8,1.0,0.25,relu,"[0.00801758764279268, 0.008862284147918606, 0.007301682251400893, 0.007409466380226065]","[2.67226551770508, 1.015859059389525, 2.38687495638334]"
5e44ae3ff310c2f6ae210ccd99992dc7,MH_04_difficult,1.0,0.8,1.0,0.25,relu,"[0.016325278990955257, 0.012244119706464615, 0.018893407648064322, 0.007185084293764352]","[3.6578797539912027, 0.6382327979193774, 2.3347636761064168]"
af0b76e0c9050af4b533bba53d55b29f,MH_05_difficult,1.0,0.8,1.0,0.25,relu,"[0.011297305727043384, 0.0148662146021408, 0.02191930259665673, 0.0089299882213965]","[4.805371286714252, 0.7244169063756536, 1.8796146049397304]"
a83208c2f67e84561e96c641aaf3be05,MH_03_medium,1.0,0.8,1.0,0.28,relu,"[0.008085953289245433, 0.00893625363647684, 0.007326394804810621, 0.00772240118302376]","[2.634043722176706, 1.014188898856773, 2.3802842612232773]"
40623c4d08f3fd95022c94c32cfe4878,MH_04_difficult,1.0,0.8,1.0,0.28,relu,"[0.01630865923679433, 0.012123681833861628, 0.018796920922701525, 0.0072214014877746875]","[3.618790957150743, 0.6395028340108984, 2.332905037761433]"
408e38773fd9d37660aec4c8534bf745,MH_05_difficult,1.0,0.8,1.0,0.28,relu,"[0.013051860676788873, 0.015935258832654276, 0.024561448035808203, 0.009805830822927866]","[5.172720712560034, 0.7223774248560589, 1.8623538650022295]"
5ef21aba144c4e8b0ad18f43321d6299,MH_03_medium,1.0,0.8,1.0,0.3,relu,"[0.008413761269450691, 0.009035264545902935, 0.007843359472801329, 0.008824544944106486]","[2.5136559592343493, 1.01117617720825, 2.3843001397373036]"
918cff499911998133fc9a6770d4a025,MH_04_difficult,1.0,0.8,1.0,0.3,relu,"[0.018020710418756726, 0.012721413350569599, 0.02071430052452052, 0.007587410327838644]","[3.768179191658767, 0.6401794872991355, 2.340497415027453]"
19d6e215c4553c46341298c0a8ad6f43,MH_05_difficult,1.0,0.8,1.0,0.3,relu,"[0.01257206348577816, 0.015667135233829142, 0.023969886665193167, 0.009521980688525226]","[5.111769352882673, 0.7268798021990498, 1.8923989218337918]"
3f3cade9c0a8257dabf0b0d8d63c9e25,MH_03_medium,1.0,0.8,1.0,0.2,double_exponential_sigmoid,"[0.00811480805753336, 0.008923372231144732, 0.0074884223231470775, 0.007452005552189988]","[2.6945611676605843, 1.0119036679160571, 2.39760072256601]"
12c7b20eba7adebdfc86439f63d7ac12,MH_04_difficult,1.0,0.8,1.0,0.2,double_exponential_sigmoid,"[0.013345922574101471, 0.011268831232917819, 0.01564533026251745, 0.0063003493635905355]","[3.4741935066652423, 0.6445522390535932, 2.3586256618431216]"
0544e78d9985ed1953812f5013800e92,MH_05_difficult,1.0,0.8,1.0,0.2,double_exponential_sigmoid,"[0.012198842788525729, 0.015312486383596823, 0.02336604166450185, 0.009240266630158736]","[5.013433175702273, 0.7207565862613139, 1.8879095477080126]"
7cea3f4ebe4b0b436ba1a81b825be6f9,MH_03_medium,1.0,0.8,1.0,0.23,double_exponential_sigmoid,"[0.008291541440636142, 0.008800572354455258, 0.007532782179320707, 0.00843368145872517]","[2.5201026702671965, 1.0148807151473265, 2.385830824472023]"
f490447c3252db66e5f9ca486113ccb1,MH_04_difficult,1.0,0.8,1.0,0.23,double_exponential_sigmoid,"[0.01698391175282922, 0.012469672644230819, 0.0194953219411611, 0.007405107009453385]","[3.6693567622818195, 0.636862984208471, 2.3220553982117718]"
48c01c4cb41f559b4a76d8a9360b9f1a,MH_05_difficult,1.0,0.8,1.0,0.23,double_exponential_sigmoid,"[0.011416066640052396, 0.014961835864356614, 0.02219138057326714, 0.008856095176474992]","[4.870171082929241, 0.7214997930669379, 1.9124332743066443]"
f3e0cb4a639b1c10ee850ea8bdf831a7,MH_03_medium,1.0,0.8,1.0,0.25,double_exponential_sigmoid,"[0.008116799919686753, 0.008738172692274405, 0.00749994612675641, 0.007954131789984043]","[2.5875193742114826, 1.0157140000475309, 2.3765079490870953]"
98ea1482e781fbf2b17b10a69c1bae8d,MH_04_difficult,1.0,0.8,1.0,0.25,double_exponential_sigmoid,"[0.018488772272042445, 0.013032234385859046, 0.02135883632946951, 0.0078009461335230325]","[3.8332086218633004, 0.6373256692762393, 2.3237721226529606]"
7f2d6e23e5f3040006063010914227c8,MH_05_difficult,1.0,0.8,1.0,0.25,double_exponential_sigmoid,"[0.010886219080787452, 0.0145137135469419, 0.02132884878023342, 0.008747141902013037]","[4.702409192488121, 0.723892545974304, 1.8620796692980963]"
947c30727fdc4c78bee81fd2f0daa7ab,MH_03_medium,1.0,0.8,1.0,0.28,double_exponential_sigmoid,"[0.007877984500383932, 0.00956950863339932, 0.007516766430507342, 0.00661710135490638]","[2.87445098374922, 1.0137489315896326, 2.357042234869439]"
6a4167bc498d2bc39d0ec8ef2eb1a6c0,MH_04_difficult,1.0,0.8,1.0,0.28,double_exponential_sigmoid,"[0.016982689655616515, 0.012607491259822167, 0.019727685501732335, 0.0074648759450167725]","[3.7367239124136953, 0.6392110085906133, 2.3313526663088218]"
f3a7ecc8cf536981b013d677d7e10b5d,MH_05_difficult,1.0,0.8,1.0,0.28,double_exponential_sigmoid,"[0.012791580255073676, 0.015782781924932657, 0.024122071392696166, 0.009717115227232918]","[5.1097164425699635, 0.7280081543748458, 1.8668407831344287]"
aff11c0ad9f285b6355d1507ce143c77,MH_03_medium,1.0,0.8,1.0,0.3,double_exponential_sigmoid,"[0.007918215452277999, 0.008955662618398533, 0.007185819076604081, 0.007308450701004426]","[2.6785616661946645, 1.016053156629953, 2.367792028886966]"
8eda6f16f0ff8f1b03c1e648113b75cb,MH_04_difficult,1.0,0.8,1.0,0.3,double_exponential_sigmoid,"[0.015332976928636546, 0.012183146301692642, 0.01813768668080668, 0.007027752656713084]","[3.6834193108314524, 0.6409900063238988, 2.3436280598790136]"
b9b61301d63f2f8a99112fff23701dbd,MH_05_difficult,1.0,0.8,1.0,0.3,double_exponential_sigmoid,"[0.01261140522930878, 0.015590346819917986, 0.023927768761197836, 0.009554946810732315]","[5.075119069966858, 0.7246220367139634, 1.8603795213307341]"
2cc98672c81b9ce3fe8f61add80d733b,MH_03_medium,1.0,0.8,1.0,0.2,triple_exponential_sigmoid,"[0.008212075230869096, 0.008832140128362432, 0.007512431900059352, 0.00787416303428474]","[2.6009038609029917, 1.0123717697072991, 2.3807462228791016]"
1bdb1806dd83201ea4b4017ffc8adcc2,MH_04_difficult,1.0,0.8,1.0,0.2,triple_exponential_sigmoid,"[0.019038542564321314, 0.013440044658579, 0.02213047946993649, 0.008069536279157115]","[3.9315808392636846, 0.6400463493719495, 2.3217488232283423]"
dedf0caab44b3b8f2f6fc8eea034a979,MH_05_difficult,1.0,0.8,1.0,0.2,triple_exponential_sigmoid,"[0.012152167564404985, 0.015432397752829246, 0.023140189459995568, 0.009339326034592166]","[4.981000024350064, 0.7229543177214216, 1.8827057143268469]"
c2a878b46116ecbc31827dccb8bf61e4,MH_03_medium,1.0,0.8,1.0,0.23,triple_exponential_sigmoid,"[0.007941025373518741, 0.00879735569449031, 0.007426369245046904, 0.007517013237613196]","[2.656720350881998, 1.0140911656968787, 2.373953795761097]"
21b60eea8e7ee2ec6c64aea064897e86,MH_04_difficult,1.0,0.8,1.0,0.23,triple_exponential_sigmoid,"[0.01760660005046873, 0.012754058349711102, 0.020423964112605168, 0.007650329824641654]","[3.777768644556068, 0.6374779091187937, 2.3299511002567668]"
1207f061f0ec154bfb3e3e635606d5ec,MH_05_difficult,1.0,0.8,1.0,0.23,triple_exponential_sigmoid,"[0.012459387176815159, 0.015535139274101911, 0.02368052783089847, 0.009478750818493954]","[5.05191755108587, 0.7285700635693689, 1.8812396415610348]"
1e8c3dac84cadf23b46e8ad732dfb0af,MH_03_medium,1.0,0.8,1.0,0.25,triple_exponential_sigmoid,"[0.007958022357230338, 0.008906163225703088, 0.00720527606022126, 0.007670197154674862]","[2.638779394345824, 1.0143213055705655, 2.38109601488849]"
b91f73c9f6abc80f6b05283500a2d97f,MH_04_difficult,1.0,0.8,1.0,0.25,triple_exponential_sigmoid,"[0.018086163019812824, 0.012927836310512924, 0.020976921784303184, 0.007744994367893533]","[3.82944240055847, 0.6405464784326828, 2.3425598325943797]"
1d7c7888d9364de2ca3621aac6ab2ca2,MH_05_difficult,1.0,0.8,1.0,0.25,triple_exponential_sigmoid,"[0.01328932488930085, 0.0159675081281958, 0.024842617852379036, 0.009822578420285564]","[5.206307964541475, 0.7230028411665221, 1.8673860231857635]"
719e1045b01845a6b31963b69142a43d,MH_03_medium,1.0,0.8,1.0,0.28,triple_exponential_sigmoid,"[0.00779356438515825, 0.008975741622595249, 0.007194530336410431, 0.006971124703754314]","[2.7353283568738336, 1.0172647761076306, 2.3677146417778907]"
57879463b7b8e0fe332811acc0ece87f,MH_04_difficult,1.0,0.8,1.0,0.28,triple_exponential_sigmoid,"[0.017253999343982744, 0.012725596011811589, 0.020100655989373703, 0.007550696111912934]","[3.765810585564253, 0.6387781646547646, 2.3148894088394787]"
7238a092cc9aee006c1c5524948a7c87,MH_05_difficult,1.0,0.8,1.0,0.28,triple_exponential_sigmoid,"[0.01246971374856247, 0.01556482197876072, 0.02377925886620066, 0.009434803285252057]","[5.084156189265695, 0.7252387537314394, 1.902564477570511]"
aff40393288d7e88dae5c4aba0c40e53,MH_03_medium,1.0,0.8,1.0,0.3,triple_exponential_sigmoid,"[0.008080370998506106, 0.008923254952984986, 0.007287935953688948, 0.007630917067108873]","[2.6343924776403678, 1.0151214477438029, 2.3771925123454194]"
493a43551bab5277699ebf424e894074,MH_04_difficult,1.0,0.8,1.0,0.3,triple_exponential_sigmoid,"[0.017619743225372082, 0.012630531397474063, 0.020421681084608203, 0.007529611237921719]","[3.7727903848134665, 0.6395469016596279, 2.3393506188626123]"
b3fbedfa68e889255a1f0d55c28dd8a6,MH_05_difficult,1.0,0.8,1.0,0.3,triple_exponential_sigmoid,"[0.012139959823842686, 0.015217785063093958, 0.023238029182212256, 0.00928583827685629]","[4.9751166935350275, 0.7251188885723409, 1.8728661319234163]"
eb21c30b3ee0fe79c3afbfe3b09145a0,MH_03_medium,1.1,0.8,1.0,0.2,relu,"[0.007976292211997194, 0.008849846297739317, 0.007216083971369127, 0.0074035280064704626]","[2.6481839192233365, 1.0123301589363731, 2.3651242477043457]"
1454b6942e61b3e118f2f74dece85828,MH_04_difficult,1.1,0.8,1.0,0.2,relu,"[0.012258333613601149, 0.010626379887747046, 0.014298910601288834, 0.006078166940720671]","[3.317420988021264, 0.6456453739265421, 2.3313002336627187]"
1f0fd30048093d0655fe7c86c40bba3c,MH_05_difficult,1.1,0.8,1.0,0.2,relu,"[0.011657826716243781, 0.014931345536607766, 0.02259012599452017, 0.008939236704284004]","[4.904092361569788, 0.7200754105656141, 1.9002762345921724]"
20f54cc00b70b2b44655ccf64a994ab8,MH_03_medium,1.1,0.8,1.0,0.23,relu,"[0.008058888627038812, 0.008642476927523358, 0.007235210889543304, 0.007779142279014741]","[2.5738422891229993, 1.0120830025722158, 2.37724201754566]"
16bc3394b4b2cf261e54d25dd10cfe95,MH_04_difficult,1.1,0.8,1.0,0.23,relu,"[0.014640294084857928, 0.011657962643967072, 0.0170369083463171, 0.006694259160180032]","[3.5364316826270605, 0.6407125380989899, 2.3387356436977647]"
562f5f5400acc9cbd13d87d19ed88293,MH_05_difficult,1.1,0.8,1.0,0.23,relu,"[0.012516729858036554, 0.015491915338449602, 0.023703486034399323, 0.009475388006045476]","[5.0432315996144625, 0.724392673658623, 1.8736142946139056]"
34d8c48a7dba1a733cc5ac9408067b57,MH_03_medium,1.1,0.8,1.0,0.25,relu,"[0.008188362082658556, 0.00881180132126656, 0.007499090633951532, 0.008084008873445896]","[2.565624021015031, 1.0134707758617993, 2.373085519886179]"
09c674e405a68129540c66bdcc10e162,MH_04_difficult,1.1,0.8,1.0,0.25,relu,"[0.015831364444091937, 0.01224400590067141, 0.018521283800125413, 0.007178963838501244]","[3.6610974956234883, 0.6394282921659431, 2.326488785907266]"
57e1ceb1afb05e4c401e08da4ff42ded,MH_05_difficult,1.1,0.8,1.0,0.25,relu,"[0.012944279772173788, 0.015837407819030643, 0.024290859620319225, 0.009727044913588521]","[5.130215955226943, 0.7256660755571598, 1.8680292087089794]"
82da1bcf37872be6f15cdbd58be9a6d2,MH_03_medium,1.1,0.8,1.0,0.28,relu,"[0.007965500947747783, 0.009091968807417757, 0.007405122440657744, 0.007092189643474841]","[2.737200514970743, 1.0103394788335902, 2.3616863446032363]"
f2dbcd0b6f10510d42a56c8a1b688b4e,MH_04_difficult,1.1,0.8,1.0,0.28,relu,"[0.015568975639681808, 0.011937815846245836, 0.01797322593866353, 0.006960904440167436]","[3.5834057968056094, 0.6395208182440835, 2.341695706739316]"
c816801e04d64c147df2535e7e751f53,MH_05_difficult,1.1,0.8,1.0,0.28,relu,"[0.012773125537980351, 0.015666353467595387, 0.024131287196457248, 0.00958632580178478]","[5.110186323679086, 0.7242888455423308, 1.8713733009363436]"
8b5129ee153764256af4b7176a60d7cf,MH_03_medium,1.1,0.8,1.0,0.3,relu,"[0.008031632079344136, 0.008706964895635872, 0.007107390905013092, 0.007702596577629695]","[2.5762931386140937, 1.014255399776544, 2.373245038007685]"
04c49172e0ee9b84713f12303f624b01,MH_04_difficult,1.1,0.8,1.0,0.3,relu,"[0.017153938729823397, 0.01267294173719471, 0.01990342986333746, 0.007478838595026133]","[3.7392013469013197, 0.6400601745044782, 2.3083238957697634]"
fd15448a377f0432a1a35e2560e78d2b,MH_05_difficult,1.1,0.8,1.0,0.3,relu,"[0.012736782794946768, 0.015688222300534845, 0.02418144087426159, 0.009551107757482129]","[5.135535792345994, 0.7278403390762803, 1.8939418523741245]"
f18f4f5b3cde001a80620bcb20c00718,MH_03_medium,1.1,0.8,1.0,0.2,double_exponential_sigmoid,"[0.00812992207778313, 0.0087039482226384, 0.007420581659545879, 0.008080990216014432]","[2.5527657308024803, 1.0138749408804386, 2.374467777446517]"
754524b7708d28c026c3091528cc1c9b,MH_04_difficult,1.1,0.8,1.0,0.2,double_exponential_sigmoid,"[0.013527299559612993, 0.011219577071261548, 0.0157415542874861, 0.006460334200985772]","[3.4272488204420855, 0.6412320862931287, 2.328431402809211]"
56b45fc79384a8170c85220e0124eb96,MH_05_difficult,1.1,0.8,1.0,0.2,double_exponential_sigmoid,"[0.012501741211019872, 0.015583196713748295, 0.02383803654996353, 0.009517965594031919]","[5.07945315465017, 0.7250459782020787, 1.8805049337539468]"
5fa6686be245ccc07162bd47d55b22de,MH_03_medium,1.1,0.8,1.0,0.23,double_exponential_sigmoid,"[0.008188013018248667, 0.00866457148627742, 0.0074978684118488645, 0.008065234703308829]","[2.5537775035215966, 1.012688000233737, 2.3796061679482943]"
4f135affa90e2597bcceff2ebc671321,MH_04_difficult,1.1,0.8,1.0,0.23,double_exponential_sigmoid,"[0.01589844906073751, 0.012087088619939509, 0.018503741456130807, 0.00703550629213492]","[3.6233877579652107, 0.6386256137243076, 2.3072469649731615]"
acffb8323d5896b2733bb95e0da30ad9,MH_05_difficult,1.1,0.8,1.0,0.23,double_exponential_sigmoid,"[0.011724918693658586, 0.015210664589966234, 0.022646877975039847, 0.009187913670329208]","[4.91750404532299, 0.7230869408273732, 1.8771607827770687]"
6bfbd121d71a7d195ccbf895ae7d50e0,MH_03_medium,1.1,0.8,1.0,0.25,double_exponential_sigmoid,"[0.008232992425703405, 0.008744541405848436, 0.007403761255479498, 0.007971586462831687]","[2.5469644362060317, 1.0125499625656338, 2.362858705948573]"
a0910c0d1afe81a1a768cc5c227360c4,MH_04_difficult,1.1,0.8,1.0,0.25,double_exponential_sigmoid,"[0.017194201336527628, 0.01285836663146368, 0.020094943436873125, 0.007606126763158008]","[3.7929460550544243, 0.6390241549456885, 2.3268806796000674]"
225fed716ac2d70aba3b5a799f84033c,MH_05_difficult,1.1,0.8,1.0,0.25,double_exponential_sigmoid,"[0.012500889413927609, 0.015579327260746605, 0.023669767765978483, 0.009510869845218269]","[5.043850871736392, 0.7255120877199536, 1.8685664158251984]"
ccf341af2773e516f03b6d96e8fc4fc2,MH_03_medium,1.1,0.8,1.0,0.28,double_exponential_sigmoid,"[0.008031014977716166, 0.008856259524099528, 0.0072961584175234365, 0.0074496810783369885]","[2.6438849923346255, 1.0134791138296735, 2.3608363944201423]"
39a177774ce9dad153113a93bce87b51,MH_04_difficult,1.1,0.8,1.0,0.28,double_exponential_sigmoid,"[0.017888542854689722, 0.012891845530482966, 0.02065333328817549, 0.0077133259920226715]","[3.789814262708723, 0.6391167692845691, 2.3366358882784284]"
8fcf91473a303bdcff5763a8948e6f3b,MH_05_difficult,1.1,0.8,1.0,0.28,double_exponential_sigmoid,"[0.012732038620172092, 0.0156638241058945, 0.024036613853794412, 0.009638912122536166]","[5.084538870365552, 0.7239653529314444, 1.8521438366546952]"
ce27af57eda6656aaa1776662af79f1f,MH_03_medium,1.1,0.8,1.0,0.3,double_exponential_sigmoid,"[0.007900656256833814, 0.00885469468494428, 0.007229282836882935, 0.007384338392200942]","[2.679459539011917, 1.014729792180489, 2.383788815563568]"
ca89272f4608366ff9096ecfdfb6dc24,MH_04_difficult,1.1,0.8,1.0,0.3,double_exponential_sigmoid,"[0.017501329625930376, 0.012514585154394917, 0.020083654850457815, 0.007501791373346416]","[3.712656080136989, 0.63837722704562, 2.343142055312026]"
e1d6f424143f3fd8648f7f85b36022ef,MH_05_difficult,1.1,0.8,1.0,0.3,double_exponential_sigmoid,"[0.01340130544604726, 0.016075812710748927, 0.025157835242445116, 0.009881920250428798]","[5.267776155159598, 0.7258396083479767, 1.8825211906100832]"
424a5ea7fea34715d849d3afd5de287d,MH_03_medium,1.1,0.8,1.0,0.2,triple_exponential_sigmoid,"[0.008001139498637328, 0.008771761097297843, 0.007157190561067036, 0.007524724105460988]","[2.6293539752549284, 1.0127849127830764, 2.383241834077514]"
f11dca108a32d5a1b22796b4444b7268,MH_04_difficult,1.1,0.8,1.0,0.2,triple_exponential_sigmoid,"[0.017602249849468704, 0.012811501285512865, 0.020484348067491928, 0.007626411073741055]","[3.813758171802174, 0.6383836475717685, 2.3538982458833786]"
df60327f4f87c05a0113e8ab95bead2d,MH_05_difficult,1.1,0.8,1.0,0.2,triple_exponential_sigmoid,"[0.012466813836474248, 0.015768061306813425, 0.02370706812869863, 0.009483915073791819]","[5.092954453328302, 0.7231688765696092, 1.9100052881278553]"
a60985a171734dee947e7355538f0338,MH_03_medium,1.1,0.8,1.0,0.23,triple_exponential_sigmoid,"[0.008261101431292084, 0.008691221642586682, 0.007371815798701458, 0.00821934968995708]","[2.521404525284415, 1.0149185005136128, 2.3863014138232868]"
8eb33a0cc7a4ae499538102f31440333,MH_04_difficult,1.1,0.8,1.0,0.23,triple_exponential_sigmoid,"[0.018189375710308694, 0.01313751664486064, 0.021169150726238477, 0.00784132194594852]","[3.865571158006967, 0.6366717192070669, 2.330808136544232]"
6443e9e821eeedea0dea5ad821dd7d53,MH_05_difficult,1.1,0.8,1.0,0.23,triple_exponential_sigmoid,"[0.01168582570508199, 0.015151425218899376, 0.022466265582287252, 0.009160460409726848]","[4.87860355694998, 0.7237842013170946, 1.8692059642752399]"
204385cd3fdd1065c5baaca34c701053,MH_03_medium,1.1,0.8,1.0,0.25,triple_exponential_sigmoid,"[0.007879077595819437, 0.009113479928100248, 0.007407396502256203, 0.006918183836664293]","[2.767587087793012, 1.0113677917940478, 2.3581887215121817]"
3fdf196264d354818f847e62fdd935f6,MH_04_difficult,1.1,0.8,1.0,0.25,triple_exponential_sigmoid,"[0.018734733434480746, 0.013160700817634773, 0.021803132604862357, 0.007883385442874848]","[3.9081888245831675, 0.6386328416401703, 2.3417304699189763]"
b3280beaeade208636180c660b53b1cb,MH_05_difficult,1.1,0.8,1.0,0.25,triple_exponential_sigmoid,"[0.012575238578316114, 0.015555409721215831, 0.02381169659397468, 0.009471361152927188]","[5.067162215111514, 0.7242465181397949, 1.8817834828300226]"
63d46528e8586cc25b8efb865d67ef9f,MH_03_medium,1.1,0.8,1.0,0.28,triple_exponential_sigmoid,"[0.00836772037800273, 0.008791480155000569, 0.007730472079780935, 0.00829228623946656]","[2.556924811559139, 1.0153755501658286, 2.389978446436363]"
8c037c6b08f97fae0ce56e9788d5fed0,MH_04_difficult,1.1,0.8,1.0,0.28,triple_exponential_sigmoid,"[0.01775662636224681, 0.012844091628650316, 0.020706246547923125, 0.00762581179806924]","[3.825896549863575, 0.6379456059404088, 2.3396034754142545]"
418926f200b8bcee4dbc196de1cd4a27,MH_05_difficult,1.1,0.8,1.0,0.28,triple_exponential_sigmoid,"[0.01250712184951602, 0.015585281651393437, 0.023813520582062615, 0.009489120074981823]","[5.080638406820841, 0.7244526779533016, 1.8874943535604627]"
98c206b81eef082f9ca78c33f52b7446,MH_03_medium,1.1,0.8,1.0,0.3,triple_exponential_sigmoid,"[0.007863145671608505, 0.008933121867613475, 0.007198382574851155, 0.0071535391560533755]","[2.69738190671039, 1.0158751873709684, 2.3641712179486207]"
3ebe8897423c7fdfd7525d1c4512b0e2,MH_04_difficult,1.1,0.8,1.0,0.3,triple_exponential_sigmoid,"[0.01763524205307281, 0.0126407490536336, 0.020460740816491813, 0.0075612938494342835]","[3.7863955969873118, 0.6381563437431335, 2.354304963403442]"
fbd6b8ff9d6409598d5216183aa1afd4,MH_05_difficult,1.1,0.8,1.0,0.3,triple_exponential_sigmoid,"[0.0121714521011803, 0.015241021219117128, 0.023232315608177297, 0.009377038578069905]","[4.959109353305045, 0.727880727707934, 1.853879351226308]"
3bba1025d7e574e1d5b5d67e5418d182,MH_03_medium,1.2,0.8,1.0,0.2,relu,"[0.007995498692348101, 0.008800841761941906, 0.007368078276346901, 0.007570992370676954]","[2.6415236289177106, 1.0163191394944897, 2.3726281785655186]"
8b8648512f083fa06a6e0673d61ea0ed,MH_04_difficult,1.2,0.8,1.0,0.2,relu,"[0.011722937298732493, 0.010954437646991132, 0.014407308291224595, 0.006206956586070274]","[3.435781434366435, 0.6431576939482873, 2.322861474069012]"
2d14b808e7b44ad2d5871e4b6898b709,MH_05_difficult,1.2,0.8,1.0,0.2,relu,"[0.012211055088151788, 0.015541009433701597, 0.023356964568288126, 0.009525813376266448]","[5.004727479554054, 0.7226662765615656, 1.8498367050911197]"
23ca125ca227e3bbd22499dbca561739,MH_03_medium,1.2,0.8,1.0,0.23,relu,"[0.007939275269697092, 0.009096588597877323, 0.007243787352226277, 0.007218468984766313]","[2.729303673024582, 1.0115384618729164, 2.3836560656370573]"
9bdbf95cdbb7b4d780202e57d659a31c,MH_04_difficult,1.2,0.8,1.0,0.23,relu,"[0.015667646402502317, 0.011989643990572126, 0.018007265711836088, 0.007069563178557838]","[3.5613219317191374, 0.6416654804987849, 2.329213507042857]"
23d37bfc4d811f26b42ba2881b726641,MH_05_difficult,1.2,0.8,1.0,0.23,relu,"[0.012652521173067918, 0.015633171278692744, 0.023925007240011453, 0.009559700632981125]","[5.083655932240839, 0.7255015361597773, 1.8833520204773904]"
e94064b081597c1b44955ce2fa1a5cdb,MH_03_medium,1.2,0.8,1.0,0.25,relu,"[0.00789115933454114, 0.00901957834897129, 0.007145747979743821, 0.007074751213680515]","[2.7340349274456486, 1.014275773467604, 2.3864946671605014]"
8cb8be96f810ddd3b7d90d11e2934e32,MH_04_difficult,1.2,0.8,1.0,0.25,relu,"[0.015558308574471836, 0.012023315825804699, 0.018002949278341552, 0.007023371058421902]","[3.604341050358129, 0.640621652361681, 2.3571426775984152]"
1024dbc39881341bfc009714c1c79ba3,MH_05_difficult,1.2,0.8,1.0,0.25,relu,"[0.011923506371577698, 0.015189193825541486, 0.02294391349244035, 0.009086637348339243]","[4.96435772794021, 0.7201539033595802, 1.9008462799643928]"
90564c00b568d38f29913d33374851dd,MH_03_medium,1.2,0.8,1.0,0.28,relu,"[0.008057474369210898, 0.009053540752142325, 0.0073788476367838045, 0.007403024278276655]","[2.691788749482275, 1.0153417063133041, 2.375765868149711]"
ebbef2c407799294c235b759788bb757,MH_04_difficult,1.2,0.8,1.0,0.28,relu,"[0.016616014253776075, 0.01232224089753457, 0.019223237296610653, 0.007185245789316298]","[3.6930233343294265, 0.6420944625616987, 2.3453525448041037]"
89c655e09d7821cdc37ce76ae947995d,MH_05_difficult,1.2,0.8,1.0,0.28,relu,"[0.011612362134755973, 0.01503117582666531, 0.022423733174356315, 0.00907333266047981]","[4.870446519287108, 0.7224464305352689, 1.8678239236847167]"
530fa1cb694fb2f4d004df98b1902378,MH_03_medium,1.2,0.8,1.0,0.3,relu,"[0.00793351003777875, 0.00872465338140768, 0.006988749458490352, 0.007466865048253075]","[2.6167438510169867, 1.0154793465905572, 2.378145333855589]"
093a364ac538770f2cbb7a5d74127c71,MH_04_difficult,1.2,0.8,1.0,0.3,relu,"[0.016791272329483735, 0.012289827484321175, 0.01944619711013663, 0.007242242537018395]","[3.6843639594477566, 0.638497974354367, 2.3290808970333186]"
84f007f6a80966777ee51fdc75bf1254,MH_05_difficult,1.2,0.8,1.0,0.3,relu,"[0.013648223707863876, 0.016417503682318473, 0.025441795119433005, 0.01005397130431373]","[5.327841615446287, 0.726558582087882, 1.8940349285612954]"
22c66ca6d5961396704c9e1bda804000,MH_03_medium,1.2,0.8,1.0,0.2,double_exponential_sigmoid,"[0.007959657482819484, 0.008957010578739715, 0.0072460932855709925, 0.0074721969573693725]","[2.6816317922904456, 1.0155153781259798, 2.3886590935419614]"
af33b88e5f86ad682657368785569def,MH_04_difficult,1.2,0.8,1.0,0.2,double_exponential_sigmoid,"[0.01378400489644996, 0.011444253607830926, 0.01607299658739854, 0.006585543024408131]","[3.4628657879536835, 0.6405420617452012, 2.3264614737245672]"
50ddb30d8cad963ee22b72c4ca8006d7,MH_05_difficult,1.2,0.8,1.0,0.2,double_exponential_sigmoid,"[0.01302764898853855, 0.016049657682899527, 0.02459347211926799, 0.009840292475681594]","[5.197955463828215, 0.7242021807589607, 1.8755638392169418]"
5e49dbd7a6dbc0d7b4ca829c6608af87,MH_03_medium,1.2,0.8,1.0,0.23,double_exponential_sigmoid,"[0.008078382761941958, 0.008874218429824195, 0.007349298601860889, 0.007803728795390161]","[2.6228653827745543, 1.0142531735551983, 2.3877804127596876]"
e2a592193d899b217951f3f162d71d0f,MH_04_difficult,1.2,0.8,1.0,0.23,double_exponential_sigmoid,"[0.016388143078350202, 0.012362086479103694, 0.01899488504110136, 0.007379565318354932]","[3.656796999608611, 0.6388814901923112, 2.3202449158127236]"
44016383514e3097564397ae2bf5531b,MH_05_difficult,1.2,0.8,1.0,0.23,double_exponential_sigmoid,"[0.011377976888609847, 0.014705950714935788, 0.021980230229709567, 0.008905329489221922]","[4.7858595498576655, 0.7188611070465136, 1.8676018861202281]"
e771a01aa1a0de50e160163ba17e98f0,MH_03_medium,1.2,0.8,1.0,0.25,double_exponential_sigmoid,"[0.00792562094335923, 0.008970583726390464, 0.007273028336153985, 0.007413330785516337]","[2.7018033392662195, 1.0141322167571967, 2.392804157138885]"
f3d8475427c68d366a81ad2ba6b81631,MH_04_difficult,1.2,0.8,1.0,0.25,double_exponential_sigmoid,"[0.017899905400976177, 0.0127510026673046, 0.020674504130163425, 0.007594893841193976]","[3.777790739981602, 0.638173344887317, 2.330600482627613]"
41664383057b916373c18aff3ef329a0,MH_05_difficult,1.2,0.8,1.0,0.25,double_exponential_sigmoid,"[0.012641783426944466, 0.01572403852562843, 0.023946200004319112, 0.009614734138008335]","[5.095811488570168, 0.7232584746454768, 1.8779641052246512]"
1b02e3f64b2cde2ef8b6843881fa3b79,MH_03_medium,1.2,0.8,1.0,0.28,double_exponential_sigmoid,"[0.007989479924095084, 0.00904708575146055, 0.007471064603124767, 0.007228620046824303]","[2.7274758721893684, 1.0154865277986056, 2.371257493255628]"
6ab8fb659d3f64e9f7506c245afd54ba,MH_04_difficult,1.2,0.8,1.0,0.28,double_exponential_sigmoid,"[0.016317714684209735, 0.012237831163250924, 0.01896093175440578, 0.007246886891552525]","[3.6730851707399714, 0.6413700281852202, 2.3470636958975875]"
3ca7323d80464c4d98e9dec6eacacff3,MH_05_difficult,1.2,0.8,1.0,0.28,double_exponential_sigmoid,"[0.013393689346427932, 0.016131826233688043, 0.02505996230432232, 0.009908894104211849]","[5.255691920887468, 0.7261517592205792, 1.8859499459525146]"
58a20d4fdc78432cd28ba0ba6bd3690a,MH_03_medium,1.2,0.8,1.0,0.3,double_exponential_sigmoid,"[0.008122871260887607, 0.008764940358647874, 0.007465272662927381, 0.008009565622719365]","[2.5828602484525516, 1.013904798641306, 2.3812626277166555]"
a29a8634847ed3380089689bf74a583f,MH_04_difficult,1.2,0.8,1.0,0.3,double_exponential_sigmoid,"[0.017022721023112235, 0.012760403079568496, 0.019792576972737203, 0.007534395513541196]","[3.7661031252347428, 0.6403044011778929, 2.3427918895055315]"
3d421ebd03ccf8c6d6f4f6e8f9c8808c,MH_05_difficult,1.2,0.8,1.0,0.3,double_exponential_sigmoid,"[0.012558208778237883, 0.015675893794002634, 0.023888255973864604, 0.009507901053121836]","[5.0997956366271335, 0.7254037382859216, 1.8929359396964895]"
ccf11d5c94829a530432e61571739d66,MH_03_medium,1.2,0.8,1.0,0.2,triple_exponential_sigmoid,"[0.007982563211355232, 0.009107156058649066, 0.007388476114764322, 0.007104216403462385]","[2.729103156733716, 1.0117398949143404, 2.357780386341347]"
7642b974588ca99e4782c2405f63082c,MH_04_difficult,1.2,0.8,1.0,0.2,triple_exponential_sigmoid,"[0.019390404144545154, 0.013410435279589414, 0.022601623538284026, 0.008093956814109992]","[3.9658609067058284, 0.6369644488052555, 2.3238773416338168]"
49204196f0a8f0ab81dd289fab7bc80b,MH_05_difficult,1.2,0.8,1.0,0.2,triple_exponential_sigmoid,"[0.01149501675428601, 0.014977269696892738, 0.02218797344498608, 0.008936249272862587]","[4.8566896243337645, 0.7227191097752071, 1.9035701034970631]"
9ba0192721a775464506e4b3ab332191,MH_03_medium,1.2,0.8,1.0,0.23,triple_exponential_sigmoid,"[0.00805421258017794, 0.008833973506335243, 0.007376926460639322, 0.0075802929510966]","[2.6392839498881178, 1.0118549649662545, 2.372643221261577]"
545f0bac2522ec71b43c05cdfd5103a4,MH_04_difficult,1.2,0.8,1.0,0.23,triple_exponential_sigmoid,"[0.017898333980869624, 0.01302761661541326, 0.020911089392518123, 0.007654831449259335]","[3.8843912439299584, 0.63955837447364, 2.367084689853444]"
59d086d26f37349a73dac7bc8d897cc3,MH_05_difficult,1.2,0.8,1.0,0.23,triple_exponential_sigmoid,"[0.011148578830869164, 0.014813557602785219, 0.021644021432756417, 0.008869858098429282]","[4.770087961637714, 0.7245813015302898, 1.886122976278528]"
dd0084fccf4d6d712cd9f50d5762dd0d,MH_03_medium,1.2,0.8,1.0,0.25,triple_exponential_sigmoid,"[0.008055311176046194, 0.008930756613979123, 0.00724978407500088, 0.0074146380619106]","[2.656959073886168, 1.0187410270440034, 2.367466647701825]"
d7adebb6a4248a010945616e2e4e40c1,MH_04_difficult,1.2,0.8,1.0,0.25,triple_exponential_sigmoid,"[0.019389056977474357, 0.01332228033620035, 0.02244703553653807, 0.008185050605063195]","[3.923451483600775, 0.6401502617044118, 2.3386708650451724]"
006120c2825c3edc56885506b2cbf8be,MH_05_difficult,1.2,0.8,1.0,0.25,triple_exponential_sigmoid,"[0.012596757832188017, 0.015613126487982184, 0.023840807413757947, 0.00953475021724891]","[5.068414829869015, 0.7258595695096727, 1.8690995085703763]"
bec88a6729682224acc674a87615b131,MH_03_medium,1.2,0.8,1.0,0.28,triple_exponential_sigmoid,"[0.008040782922432946, 0.009029587655644085, 0.0073770523254570106, 0.007231851469169413]","[2.704151134653313, 1.015445650561257, 2.368373707567239]"
dc5276a9bcf81c4cfdfbc66198768d15,MH_04_difficult,1.2,0.8,1.0,0.28,triple_exponential_sigmoid,"[0.016547197184538707, 0.012664991225193763, 0.01951619836316296, 0.007458867682558283]","[3.771308631746213, 0.6359269122031268, 2.323197831970103]"
27efdf0fc53c3d92cda35e99d33f20a5,MH_05_difficult,1.2,0.8,1.0,0.28,triple_exponential_sigmoid,"[0.01325800452363802, 0.015883483365428976, 0.02487012490047505, 0.009725600083426688]","[5.215153678251156, 0.7241408745626361, 1.8813450885521457]"
45091923e377733c285593ede6a9066f,MH_03_medium,1.2,0.8,1.0,0.3,triple_exponential_sigmoid,"[0.007991639920998463, 0.008923392151024815, 0.007350166694502585, 0.007414437838069837]","[2.6718110770444263, 1.014907723800165, 2.3671505064258875]"
f05059cbffdf58e6fff7011f92f22de4,MH_04_difficult,1.2,0.8,1.0,0.3,triple_exponential_sigmoid,"[0.017815270755991406, 0.013184749665062072, 0.02084336710687576, 0.007818974949843294]","[3.8763741468147894, 0.6387824693478512, 2.3378765281241374]"
f06b2c3fa133f8dd3a9e4f0fe81d31ed,MH_05_difficult,1.2,0.8,1.0,0.3,triple_exponential_sigmoid,"[0.013875650398526264, 0.01634039226152222, 0.025799577716595915, 0.010157589224726154]","[5.342372883126343, 0.7244587492339025, 1.861407259101535]"
3ff88cd78e54953031893b0510d2aab8,MH_05_difficult,0.7,0.8,1,0.25,double_exponential_sigmoid,"[0.011236282981781275, 0.014677809049478036, 0.021809919871717983, 0.008787865841201831]","[4.779275689992515, 0.7243476127103702, 1.878634389499542]"
b843e45fe8c8275134f8e7207a021b71,MH_05_difficult,0.8,0.8,1,0.25,double_exponential_sigmoid,"[0.011567777579150436, 0.014949284806654138, 0.02236841944825398, 0.009005007281231558]","[4.866190167810387, 0.7244232462746966, 1.8836099899295218]"
eb95256b0f95606d84bc464d0eb95668,MH_05_difficult,0.9,0.8,1,0.25,double_exponential_sigmoid,"[0.011986984532705545, 0.015076752835115625, 0.02291851083284443, 0.009074490643883869]","[4.934037065589428, 0.7244528429406366, 1.8826024591122201]"
